model,accuracy,precision,recall,f1_score,roc_auc_score
1613,0.9852348993288591,0.9573170731707317,0.7268518518518519,0.8263157894736842,0.8626031708718591
25966,0.9852348993288591,0.968944099378882,0.7188940092165899,0.8253968253968254,0.8588591842461976
156,0.9845637583892617,0.9401197604790419,0.7268518518518519,0.8198433420365535,0.8622505615629734
698,0.9852348993288591,0.9746835443037974,0.7129629629629629,0.8235294117647058,0.8560113357363004
5,0.9874720357941834,0.9653179190751445,0.7695852534562212,0.8564102564102564,0.8840872422935937
4,0.9879194630872483,0.9764705882352941,0.7685185185185185,0.8601036269430051,0.8837891135140783
6,0.9832214765100671,0.9490445859872612,0.6898148148148148,0.7989276139410187,0.8439671159170454
123,0.9847874720357942,0.9933333333333333,0.6898148148148148,0.8142076502732241,0.8447898709711122
